{
  "Logistic Regression": {
    "accuracy": 0.6328,
    "precision": 0.6231,
    "recall": 0.6328,
    "f1_weighted": 0.6132,
    "cv_f1_mean": 0.6069,
    "cv_f1_std": 0.0058,
    "classification_report": {
      "Action": {
        "precision": 0.5748502994011976,
        "recall": 0.366412213740458,
        "f1-score": 0.44755244755244755,
        "support": 262.0
      },
      "Adult": {
        "precision": 0.7288135593220338,
        "recall": 0.3644067796610169,
        "f1-score": 0.4858757062146893,
        "support": 118.0
      },
      "Adventure": {
        "precision": 0.5283018867924528,
        "recall": 0.18064516129032257,
        "f1-score": 0.2692307692307692,
        "support": 155.0
      },
      "Comedy": {
        "precision": 0.5712468193384224,
        "recall": 0.604306864064603,
        "f1-score": 0.5873119686069327,
        "support": 1486.0
      },
      "Documentary": {
        "precision": 0.75,
        "recall": 0.856651376146789,
        "f1-score": 0.7997858672376874,
        "support": 2616.0
      },
      "Drama": {
        "precision": 0.5894919168591224,
        "recall": 0.7523949889462048,
        "f1-score": 0.6610553577209453,
        "support": 2714.0
      },
      "Family": {
        "precision": 0.6571428571428571,
        "recall": 0.14838709677419354,
        "f1-score": 0.24210526315789474,
        "support": 155.0
      },
      "Horror": {
        "precision": 0.7366863905325444,
        "recall": 0.564625850340136,
        "f1-score": 0.6392811296534018,
        "support": 441.0
      },
      "Music": {
        "precision": 0.6862745098039216,
        "recall": 0.4861111111111111,
        "f1-score": 0.5691056910569106,
        "support": 144.0
      },
      "Reality-Tv": {
        "precision": 0.5862068965517241,
        "recall": 0.2897727272727273,
        "f1-score": 0.38783269961977185,
        "support": 176.0
      },
      "Romance": {
        "precision": 0.4166666666666667,
        "recall": 0.07462686567164178,
        "f1-score": 0.12658227848101267,
        "support": 134.0
      },
      "Sci-Fi": {
        "precision": 0.5942028985507246,
        "recall": 0.3178294573643411,
        "f1-score": 0.41414141414141414,
        "support": 129.0
      },
      "Short": {
        "precision": 0.4518147684605757,
        "recall": 0.3570722057368942,
        "f1-score": 0.3988950276243094,
        "support": 1011.0
      },
      "Thriller": {
        "precision": 0.41605839416058393,
        "recall": 0.1792452830188679,
        "f1-score": 0.25054945054945055,
        "support": 318.0
      },
      "Western": {
        "precision": 0.9298245614035088,
        "recall": 0.7718446601941747,
        "f1-score": 0.843501326259947,
        "support": 206.0
      },
      "accuracy": 0.6327868852459017,
      "macro avg": {
        "precision": 0.614505494999089,
        "recall": 0.4209555094222321,
        "f1-score": 0.47485375980717226,
        "support": 10065.0
      },
      "weighted avg": {
        "precision": 0.623060492620722,
        "recall": 0.6327868852459017,
        "f1-score": 0.6132316648272458,
        "support": 10065.0
      }
    },
    "confusion_matrix": [
      [
        96,
        1,
        3,
        28,
        26,
        76,
        0,
        5,
        0,
        1,
        0,
        3,
        12,
        8,
        3
      ],
      [
        0,
        43,
        7,
        20,
        7,
        26,
        0,
        0,
        0,
        0,
        0,
        0,
        14,
        1,
        0
      ],
      [
        11,
        6,
        28,
        21,
        26,
        41,
        2,
        2,
        0,
        1,
        0,
        5,
        9,
        3,
        0
      ],
      [
        7,
        0,
        5,
        898,
        74,
        396,
        2,
        14,
        4,
        10,
        3,
        4,
        65,
        4,
        0
      ],
      [
        4,
        1,
        1,
        45,
        2241,
        178,
        0,
        9,
        19,
        12,
        0,
        7,
        97,
        2,
        0
      ],
      [
        22,
        6,
        2,
        242,
        195,
        2042,
        3,
        13,
        1,
        4,
        7,
        1,
        145,
        26,
        5
      ],
      [
        1,
        0,
        3,
        32,
        17,
        57,
        23,
        0,
        2,
        2,
        1,
        0,
        15,
        0,
        2
      ],
      [
        3,
        0,
        0,
        31,
        9,
        98,
        0,
        249,
        0,
        1,
        0,
        5,
        22,
        22,
        1
      ],
      [
        0,
        0,
        0,
        11,
        50,
        7,
        0,
        0,
        70,
        1,
        0,
        0,
        5,
        0,
        0
      ],
      [
        1,
        0,
        2,
        30,
        65,
        14,
        3,
        0,
        0,
        51,
        0,
        0,
        10,
        0,
        0
      ],
      [
        0,
        1,
        0,
        33,
        3,
        79,
        0,
        0,
        0,
        0,
        10,
        0,
        6,
        2,
        0
      ],
      [
        8,
        0,
        0,
        13,
        18,
        24,
        0,
        4,
        0,
        2,
        0,
        41,
        16,
        3,
        0
      ],
      [
        1,
        1,
        1,
        120,
        235,
        258,
        2,
        13,
        6,
        1,
        2,
        3,
        361,
        7,
        0
      ],
      [
        12,
        0,
        1,
        41,
        15,
        144,
        0,
        27,
        0,
        1,
        1,
        0,
        18,
        57,
        1
      ],
      [
        1,
        0,
        0,
        7,
        7,
        24,
        0,
        2,
        0,
        0,
        0,
        0,
        4,
        2,
        159
      ]
    ]
  },
  "Multinomial Naive Bayes": {
    "accuracy": 0.6061,
    "precision": 0.6044,
    "recall": 0.6061,
    "f1_weighted": 0.5592,
    "cv_f1_mean": 0.5435,
    "cv_f1_std": 0.004,
    "classification_report": {
      "Action": {
        "precision": 0.6767676767676768,
        "recall": 0.25572519083969464,
        "f1-score": 0.37119113573407203,
        "support": 262.0
      },
      "Adult": {
        "precision": 0.6176470588235294,
        "recall": 0.17796610169491525,
        "f1-score": 0.27631578947368424,
        "support": 118.0
      },
      "Adventure": {
        "precision": 0.5333333333333333,
        "recall": 0.1032258064516129,
        "f1-score": 0.17297297297297298,
        "support": 155.0
      },
      "Comedy": {
        "precision": 0.566742944317315,
        "recall": 0.5,
        "f1-score": 0.531283518055059,
        "support": 1486.0
      },
      "Documentary": {
        "precision": 0.6749136939010357,
        "recall": 0.8967889908256881,
        "f1-score": 0.7701904136572554,
        "support": 2616.0
      },
      "Drama": {
        "precision": 0.5357142857142857,
        "recall": 0.8179808400884304,
        "f1-score": 0.647419072615923,
        "support": 2714.0
      },
      "Family": {
        "precision": 0.6666666666666666,
        "recall": 0.012903225806451613,
        "f1-score": 0.02531645569620253,
        "support": 155.0
      },
      "Horror": {
        "precision": 0.7765567765567766,
        "recall": 0.48072562358276644,
        "f1-score": 0.5938375350140056,
        "support": 441.0
      },
      "Music": {
        "precision": 0.8135593220338984,
        "recall": 0.3333333333333333,
        "f1-score": 0.4729064039408867,
        "support": 144.0
      },
      "Reality-Tv": {
        "precision": 0.7931034482758621,
        "recall": 0.13068181818181818,
        "f1-score": 0.22439024390243903,
        "support": 176.0
      },
      "Romance": {
        "precision": 0.0,